{"FIS":-0.039307128580946024,"FIT":-0.0035784648787745362,"FST":0.034377387318563726}