{  
  "FIS": -0.0031830300875332045,
  "FIT": 0.076672097172812245,
  "FST": 0.07960175248715845
}