Polymorphism,Genotype,"Chi square",P-value,HapMap-HCB,HAPMAP-ASW,HAPMAP-CHB,HAPMAP-CHD,HAPMAP-GIH,HAPMAP-LWK,HAPMAP-MKK,HAPMAP-TSI,HapMap-CEU,HapMap-JPT,HapMap-YRI
"rs6065 hapmapproject-PopulationGenotypes-Homo_sapiens-Variation-Population-80",,,,43,48,41,85,88,90,142,88,112,85,112
,C/C,142.565178789575,1.25544044389487E-25,40(0.93),25(0.521),37(0.902),78(0.918),77(0.875),45(0.5),72(0.507),77(0.875),100(0.893),61(0.718),68(0.607)
,C/T,110.90934208195,3.4975757790974E-19,3(0.07),19(0.396),4(0.098),7(0.082),10(0.114),40(0.444),63(0.444),10(0.114),12(0.107),22(0.259),33(0.295)
,T/T,33.5759316066857,0.000217858695125426,0(0),4(0.083),0(0),0(0),1(0.011),5(0.056),7(0.049),1(0.011),0(0),2(0.024),11(0.098)
