{"FIS":0.018750669367095928,"FIT":0.044178436010440983,"FST":0.025913665211821535}